,id,study.id,time.id,starttime,endtime,survtime,cens,age.60,female,noise.56,pm10.16,bmi.26
1,1,1,1,0,2,2,0,8,1,1.7,-0.1,-4
2,1,1,2,2,3,1,0,8,1,1.7,-0.1,-4
3,1,1,3,3,6,3,0,8,1,1.7,-0.1,-4
4,1,1,4,6,6.5,0.5,0,8,1,1.7,-0.1,-4
5,1,1,5,6.5,8,1.5,0,8,1,1.7,-0.1,-4
6,1,1,6,8,9.02520104,1.02520104,1,8,1,1.7,-0.1,-4
7,2,1,1,0,2,2,0,16,1,0.7,0.9,-6
8,2,1,2,2,3,1,0,16,1,0.7,0.9,-6
9,2,1,3,3,6,3,0,16,1,0.7,0.9,-6
10,2,1,4,6,6.5,0.5,0,16,1,0.7,0.9,-6
11,2,1,5,6.5,8,1.5,0,16,1,0.7,0.9,-6
12,2,1,6,8,10,2,0,16,1,0.7,0.9,-6
13,3,1,1,0,0.378650157,0.378650157,0,-5,1,1.6,-1.3,-4
14,4,1,1,0,0.087074376,0.087074376,1,13,0,3.5,0.4,4
15,5,1,1,0,1.4247361,1.4247361,1,26,0,0.1,-1.8,-1
16,6,1,1,0,1.69419229,1.69419229,1,8,1,-1.6,-0.1,2
17,7,1,1,0,0.270970962,0.270970962,1,-6,0,-0.6,0,4
18,8,1,1,0,2,2,0,1,0,2.8,-1.4,4
19,8,1,2,2,3,1,0,1,0,2.8,-1.4,4
20,8,1,3,3,6,3,0,1,0,2.8,-1.4,4
21,8,1,4,6,6.5,0.5,0,1,0,2.8,-1.4,4
22,8,1,5,6.5,8,1.5,0,1,0,2.8,-1.4,4
23,8,1,6,8,8.200800786,0.200800786,1,1,0,2.8,-1.4,4
24,9,1,1,0,1.165525064,1.165525064,0,30,1,-6.7,1.1,-3
25,10,1,1,0,0.435115446,0.435115446,0,-25,0,-8.6,0.5,-7
